{
  "episode_rewards": [
    0.6837435685275994,
    -10.0,
    -10.0,
    -10.0,
    0.49866442194886396,
    -10.0,
    -10.0,
    -10.0,
    -10.0,
    -10.0,
    -10.0,
    -10.0,
    -10.0,
    0.514520925898821,
    -10.0,
    -10.0,
    -10.0,
    -10.0,
    -10.0,
    -10.0,
    -10.0,
    -10.0,
    0.5215930309661245,
    -10.0,
    -10.0,
    0.5051634315143735,
    -10.0,
    -10.0,
    -10.0,
    -10.0,
    -10.0,
    -10.0,
    -10.0,
    -10.0,
    0.6743255114496601,
    -10.0,
    -10.0,
    0.5676764907348768,
    -10.0,
    -10.0,
    0.6396589975902693,
    -10.0,
    -10.0,
    -10.0,
    -10.0,
    0.48757073514213645,
    -10.0,
    -10.0,
    -10.0,
    -10.0,
    -10.0,
    -10.0,
    -10.0,
    -10.0,
    -10.0,
    -10.0,
    -10.0,
    -10.0,
    -10.0,
    0.5435247595080837,
    -10.0,
    -10.0,
    0.6208638104679884,
    -10.0,
    -10.0,
    -10.0,
    -10.0,
    -10.0,
    0.7018357429054041,
    -10.0,
    -10.0,
    -10.0,
    -10.0,
    -10.0,
    0.5194315734914486,
    -10.0,
    -10.0,
    0.5726745409136619,
    -10.0,
    -10.0,
    -10.0,
    -10.0,
    0.495223486577661,
    -10.0,
    -10.0,
    0.5629810165131481,
    -10.0,
    -10.0,
    -10.0,
    -10.0,
    0.613995091428487,
    0.4488119195662769,
    -10.0,
    -10.0,
    -10.0,
    -10.0,
    0.53636120853932,
    -10.0,
    -10.0,
    -10.0
  ],
  "episode_lengths": [
    1.0,
    1.0,
    1.0,
    1.0,
    1.0,
    1.0,
    1.0,
    1.0,
    1.0,
    1.0,
    1.0,
    1.0,
    1.0,
    1.0,
    1.0,
    1.0,
    1.0,
    1.0,
    1.0,
    1.0,
    1.0,
    1.0,
    1.0,
    1.0,
    1.0,
    1.0,
    1.0,
    1.0,
    1.0,
    1.0,
    1.0,
    1.0,
    1.0,
    1.0,
    1.0,
    1.0,
    1.0,
    1.0,
    1.0,
    1.0,
    1.0,
    1.0,
    1.0,
    1.0,
    1.0,
    1.0,
    1.0,
    1.0,
    1.0,
    1.0,
    1.0,
    1.0,
    1.0,
    1.0,
    1.0,
    1.0,
    1.0,
    1.0,
    1.0,
    1.0,
    1.0,
    1.0,
    1.0,
    1.0,
    1.0,
    1.0,
    1.0,
    1.0,
    1.0,
    1.0,
    1.0,
    1.0,
    1.0,
    1.0,
    1.0,
    1.0,
    1.0,
    1.0,
    1.0,
    1.0,
    1.0,
    1.0,
    1.0,
    1.0,
    1.0,
    1.0,
    1.0,
    1.0,
    1.0,
    1.0,
    1.0,
    1.0,
    1.0,
    1.0,
    1.0,
    1.0,
    1.0,
    1.0,
    1.0,
    1.0
  ],
  "mapping_actor_losses": [],
  "bandwidth_actor_losses": [],
  "critic_losses": [],
  "constraint_violations": [
    0.0,
    2.0,
    1.0,
    1.0,
    0.0,
    1.0,
    1.0,
    2.0,
    1.0,
    1.0,
    3.0,
    1.0,
    1.0,
    0.0,
    1.0,
    3.0,
    1.0,
    1.0,
    2.0,
    2.0,
    1.0,
    3.0,
    0.0,
    1.0,
    1.0,
    0.0,
    1.0,
    1.0,
    1.0,
    2.0,
    1.0,
    1.0,
    1.0,
    2.0,
    0.0,
    1.0,
    2.0,
    0.0,
    1.0,
    2.0,
    0.0,
    1.0,
    2.0,
    1.0,
    3.0,
    0.0,
    2.0,
    3.0,
    2.0,
    1.0,
    1.0,
    2.0,
    1.0,
    1.0,
    2.0,
    3.0,
    1.0,
    2.0,
    2.0,
    0.0,
    1.0,
    1.0,
    0.0,
    1.0,
    1.0,
    2.0,
    1.0,
    2.0,
    0.0,
    1.0,
    1.0,
    1.0,
    1.0,
    3.0,
    0.0,
    1.0,
    1.0,
    0.0,
    1.0,
    2.0,
    3.0,
    3.0,
    0.0,
    2.0,
    2.0,
    0.0,
    1.0,
    2.0,
    2.0,
    2.0,
    0.0,
    0.0,
    1.0,
    2.0,
    2.0,
    1.0,
    0.0,
    1.0,
    3.0,
    2.0
  ],
  "resource_utilization": [],
  "load_balancing": [],
  "bandwidth_satisfaction": []
}