{
  "episode_rewards": [
    0.5358834002240553,
    0.5159816707862519,
    0.5230600555193001,
    0.5412705973248416,
    0.5704659273122418,
    0.5280330751411919,
    0.5597763051166132,
    0.49582227459662054,
    0.5329739791939236,
    0.5563139301854445,
    0.4783931423151588,
    0.5558589135709491,
    0.5145492801102026,
    0.4757052771465903,
    0.5452065219103027,
    0.6313408967501514,
    0.5746062148870251,
    0.6430086389370847,
    0.5237938804830733,
    0.5552481148098164,
    0.5597594216819797,
    0.6104107114547197,
    0.5335139722392561,
    0.5557596512043821,
    0.5127983979574642,
    0.509078586251458,
    0.6463593431025645,
    0.5122707142874302,
    0.5325473044226504,
    0.563330943853584,
    0.5307196757837368,
    0.518450831938385,
    0.563171709905217,
    0.5417151608795086,
    0.5857713042608853,
    0.5377685173891141,
    0.5346390059725078,
    0.4817292503612218,
    0.4615007468984677,
    0.4816305526112682,
    0.5121156244066944,
    0.5513020454173899,
    0.5372456982529971,
    0.49827174084490705,
    0.49394726304713443,
    0.5114138248202538,
    0.5808625422590945,
    0.47517762836316957,
    0.5408904604302787,
    0.5424575552612725,
    0.5521519663009716,
    0.5173421547714644,
    0.5620145332724517,
    0.5029883385784599,
    0.5464572102487363,
    0.5294863175032049,
    0.493514846540572,
    0.5344214506275803,
    0.484683541771743,
    0.5600150601913827,
    0.4988299424744324,
    0.5674025595656895,
    0.4802603519850674,
    0.5625241715698849,
    0.4761132387679194,
    0.5520695350407399,
    0.5244197241820734,
    0.5821288298915821,
    0.5438697380476244,
    0.5385051159326637,
    0.4921441736520003,
    0.5040999563749136,
    0.5349667173573341,
    0.541398667204212,
    0.4827549022700772,
    0.5254322484568805,
    0.4760999842330015,
    0.6021733026885289,
    0.5690056650368442,
    0.48093011600450397,
    0.5691505880564659,
    0.5751630193961103,
    0.5479617637771605,
    0.5793383030886181,
    0.53961284212673,
    0.5323921074718435,
    0.5574359718695434,
    0.5521032392037213,
    0.5223176906303338,
    0.49871437929617174,
    0.5719455805905448,
    0.496093337609367,
    0.4837543465799373,
    0.46988955497151436,
    0.4687390131532767,
    0.4908586254698079,
    0.5015900921781407,
    0.4347173585353966,
    0.5355301418173982,
    0.4884695463007966
  ],
  "episode_lengths": [
    1.0,
    1.0,
    1.0,
    1.0,
    1.0,
    1.0,
    1.0,
    1.0,
    1.0,
    1.0,
    1.0,
    1.0,
    1.0,
    1.0,
    1.0,
    1.0,
    1.0,
    1.0,
    1.0,
    1.0,
    1.0,
    1.0,
    1.0,
    1.0,
    1.0,
    1.0,
    1.0,
    1.0,
    1.0,
    1.0,
    1.0,
    1.0,
    1.0,
    1.0,
    1.0,
    1.0,
    1.0,
    1.0,
    1.0,
    1.0,
    1.0,
    1.0,
    1.0,
    1.0,
    1.0,
    1.0,
    1.0,
    1.0,
    1.0,
    1.0,
    1.0,
    1.0,
    1.0,
    1.0,
    1.0,
    1.0,
    1.0,
    1.0,
    1.0,
    1.0,
    1.0,
    1.0,
    1.0,
    1.0,
    1.0,
    1.0,
    1.0,
    1.0,
    1.0,
    1.0,
    1.0,
    1.0,
    1.0,
    1.0,
    1.0,
    1.0,
    1.0,
    1.0,
    1.0,
    1.0,
    1.0,
    1.0,
    1.0,
    1.0,
    1.0,
    1.0,
    1.0,
    1.0,
    1.0,
    1.0,
    1.0,
    1.0,
    1.0,
    1.0,
    1.0,
    1.0,
    1.0,
    1.0,
    1.0,
    1.0
  ],
  "mapping_actor_losses": [],
  "bandwidth_actor_losses": [],
  "critic_losses": [],
  "constraint_violations": [
    0.0,
    0.0,
    0.0,
    0.0,
    0.0,
    0.0,
    0.0,
    0.0,
    0.0,
    0.0,
    0.0,
    0.0,
    0.0,
    0.0,
    0.0,
    0.0,
    0.0,
    0.0,
    0.0,
    0.0,
    0.0,
    0.0,
    0.0,
    0.0,
    0.0,
    0.0,
    0.0,
    0.0,
    0.0,
    0.0,
    0.0,
    0.0,
    0.0,
    0.0,
    0.0,
    0.0,
    0.0,
    0.0,
    0.0,
    0.0,
    0.0,
    0.0,
    0.0,
    0.0,
    0.0,
    0.0,
    0.0,
    0.0,
    0.0,
    0.0,
    0.0,
    0.0,
    0.0,
    0.0,
    0.0,
    0.0,
    0.0,
    0.0,
    0.0,
    0.0,
    0.0,
    0.0,
    0.0,
    0.0,
    0.0,
    0.0,
    0.0,
    0.0,
    0.0,
    0.0,
    0.0,
    0.0,
    0.0,
    0.0,
    0.0,
    0.0,
    0.0,
    0.0,
    0.0,
    0.0,
    0.0,
    0.0,
    0.0,
    0.0,
    0.0,
    0.0,
    0.0,
    0.0,
    0.0,
    0.0,
    0.0,
    0.0,
    0.0,
    0.0,
    0.0,
    0.0,
    0.0,
    0.0,
    0.0,
    0.0
  ],
  "resource_utilization": [],
  "load_balancing": [],
  "bandwidth_satisfaction": []
}