{
  "episode_rewards": [
    0.5395911532802443,
    0.6028314675834933,
    0.4837499918145097,
    0.5786647862957945,
    0.5406024829122384,
    0.45971712973782697,
    0.5885559271200778,
    0.5941341974050679,
    0.5432011941731968,
    0.6140588473674307,
    0.6015103877849968,
    0.5309364330774865,
    0.6197445763518633,
    0.6293070369418585,
    0.6325350629767039,
    0.49838135298667385,
    0.5594744490747987,
    0.5215535554119843,
    0.5358681158023548,
    0.5149273843640383,
    0.5654004668098147,
    0.5196082699813777,
    0.5899492630499195,
    0.508308659963162,
    0.52200217550687,
    0.5429762009293195,
    0.5390576076318592,
    0.5073170485454249,
    0.6045074970229368,
    0.6217027475616816,
    0.6012391895402218,
    0.5267389083601345,
    0.6180872416930521,
    0.5917857657291471,
    0.6444577063218058,
    0.636543293855766,
    0.5790225248430168,
    0.6345067272679208,
    0.5370952169529659,
    0.5930825518953289,
    0.5264609123358195,
    0.6630558633686797,
    0.6708969526073062,
    0.5526883557481261,
    0.49893281131964007,
    0.563141177783509,
    0.5695037893068856,
    0.574743628157907,
    0.5377951673991905,
    0.544481241863778,
    0.47641203049724073,
    0.5593088736282079,
    0.596248548506804,
    0.5880929163686675,
    0.6690774467637908,
    0.6556452735272496,
    0.5512458751477542,
    0.5952699622310046,
    0.6210783632738286,
    0.6594098526561638,
    0.5800000430833696,
    0.5946530439482909,
    0.5599389986124161,
    0.539171647576683,
    0.6332703428315002,
    0.5138930410822311,
    0.5949020643976561,
    0.5483578928143367,
    0.5337205578360895,
    0.5693140271245947,
    0.5843549670187763,
    0.5786646883796175,
    0.5194768853372551,
    0.42789857893851124,
    0.5756615463474265,
    0.5951592541767337,
    0.5364586357676584,
    0.7070059841338688,
    0.4533109921719897,
    0.6214329273051393,
    0.5327362988863685,
    0.6223525969357175,
    0.5447539555898853,
    0.6824446801417541,
    0.4870789007134265,
    0.5623782052522146,
    0.5269199857038986,
    0.6055220022076211,
    0.5454965655607421,
    0.596536561055958,
    0.5466745345665499,
    0.6005041855246043,
    0.5410521637273281,
    0.6555497071811025,
    0.5220190653853589,
    0.6626185515982813,
    0.5518834085887376,
    0.5027940457956992,
    0.47808006472026954,
    0.5241842026790515
  ],
  "episode_lengths": [
    1.0,
    1.0,
    1.0,
    1.0,
    1.0,
    1.0,
    1.0,
    1.0,
    1.0,
    1.0,
    1.0,
    1.0,
    1.0,
    1.0,
    1.0,
    1.0,
    1.0,
    1.0,
    1.0,
    1.0,
    1.0,
    1.0,
    1.0,
    1.0,
    1.0,
    1.0,
    1.0,
    1.0,
    1.0,
    1.0,
    1.0,
    1.0,
    1.0,
    1.0,
    1.0,
    1.0,
    1.0,
    1.0,
    1.0,
    1.0,
    1.0,
    1.0,
    1.0,
    1.0,
    1.0,
    1.0,
    1.0,
    1.0,
    1.0,
    1.0,
    1.0,
    1.0,
    1.0,
    1.0,
    1.0,
    1.0,
    1.0,
    1.0,
    1.0,
    1.0,
    1.0,
    1.0,
    1.0,
    1.0,
    1.0,
    1.0,
    1.0,
    1.0,
    1.0,
    1.0,
    1.0,
    1.0,
    1.0,
    1.0,
    1.0,
    1.0,
    1.0,
    1.0,
    1.0,
    1.0,
    1.0,
    1.0,
    1.0,
    1.0,
    1.0,
    1.0,
    1.0,
    1.0,
    1.0,
    1.0,
    1.0,
    1.0,
    1.0,
    1.0,
    1.0,
    1.0,
    1.0,
    1.0,
    1.0,
    1.0
  ],
  "mapping_actor_losses": [],
  "bandwidth_actor_losses": [],
  "critic_losses": [],
  "constraint_violations": [
    0.0,
    0.0,
    0.0,
    0.0,
    0.0,
    0.0,
    0.0,
    0.0,
    0.0,
    0.0,
    0.0,
    0.0,
    0.0,
    0.0,
    0.0,
    0.0,
    0.0,
    0.0,
    0.0,
    0.0,
    0.0,
    0.0,
    0.0,
    0.0,
    0.0,
    0.0,
    0.0,
    0.0,
    0.0,
    0.0,
    0.0,
    0.0,
    0.0,
    0.0,
    0.0,
    0.0,
    0.0,
    0.0,
    0.0,
    0.0,
    0.0,
    0.0,
    0.0,
    0.0,
    0.0,
    0.0,
    0.0,
    0.0,
    0.0,
    0.0,
    0.0,
    0.0,
    0.0,
    0.0,
    0.0,
    0.0,
    0.0,
    0.0,
    0.0,
    0.0,
    0.0,
    0.0,
    0.0,
    0.0,
    0.0,
    0.0,
    0.0,
    0.0,
    0.0,
    0.0,
    0.0,
    0.0,
    0.0,
    0.0,
    0.0,
    0.0,
    0.0,
    0.0,
    0.0,
    0.0,
    0.0,
    0.0,
    0.0,
    0.0,
    0.0,
    0.0,
    0.0,
    0.0,
    0.0,
    0.0,
    0.0,
    0.0,
    0.0,
    0.0,
    0.0,
    0.0,
    0.0,
    0.0,
    0.0,
    0.0
  ],
  "resource_utilization": [],
  "load_balancing": [],
  "bandwidth_satisfaction": []
}